<?xml version="1.0" encoding="UTF-8" standalone="no"?> 
<board schema_version="2.0" vendor="em.avnet.com" name="picozed_7030_fmc1" display_name="PicoZed 7030 SOM + FMC Carrier V1" url="http://www.picozed.org" preset_file="preset.xml" >
  <images>
    <image name="PZCC_FMC.jpg" display_name="PZ_PZCC_FMC_V1" sub_type="board">
      <description>PZ plus PZCC-FMC-V1 Board File Image</description>
    </image>
  </images>
<compatible_board_revisions>
  <revision id="0">c</revision>
</compatible_board_revisions>
<file_version>1.1</file_version>
<description>PicoZed 7030 SOM + FMC Carrier V1</description>
<components>
  <component name="part0" display_name="PicoZed 7030 SOM + FMC Carrier V1" type="fpga" part_name="xc7z030sbg485-1" pin_map_file="part0_pins.xml" vendor="xilinx" spec_url="http://www.picozed.org">
    <interfaces>
        <interface mode="master" name="pl_pbs_2bits" type="xilinx.com:interface:gpio_rtl:1.0" of_component="pl_pbs_2bits" preset_proc="pl_pbs_2bits_preset">
          <port_maps>
            <port_map logical_port="TRI_I" physical_port="pl_pbs_2bits_tri_i" dir="in" left="1" right="0"> 
              <pin_maps>
                <pin_map port_index="0" component_pin="pl_pbs_2bits_tri_i_0"/> 
                <pin_map port_index="1" component_pin="pl_pbs_2bits_tri_i_1"/> 
              </pin_maps>
            </port_map>
          </port_maps>
        </interface>
        <interface mode="master" name="pl_leds_2bits" type="xilinx.com:interface:gpio_rtl:1.0" of_component="pl_leds_2bits" preset_proc="pl_leds_2bits_preset">
          <port_maps>
            <port_map logical_port="TRI_O" physical_port="pl_leds_2bits_tri_o" dir="out" left="1" right="0"> 
              <pin_maps>
                <pin_map port_index="0" component_pin="pl_leds_2bits_tri_o_0"/> 
                <pin_map port_index="1" component_pin="pl_leds_2bits_tri_o_1"/> 
              </pin_maps>
            </port_map>
          </port_maps>
        </interface>
      <interface mode="master" name="ps7_fixedio" type="xilinx.com:display_processing_system7:fixedio_rtl:1.0" of_component="ps7_fixedio" preset_proc="ps7_preset"> 
      </interface>
    </interfaces>
  </component>
    <component name="pl_pbs_2bits" display_name="PL_PBs_2bits" type="chip" sub_type="push_button" major_group="gpio"/>
    <component name="pl_leds_2bits" display_name="PL_LEDs_2bits" type="chip" sub_type="led" major_group="gpio"/>
  <component name="ps7_fixedio" display_name="ps7_fixedio" type="chip" sub_type="fixed_io" major_group=""/>
</components>
<jtag_chains>
  <jtag_chain name="chain1">
    <position name="0" component="part0"/>
  </jtag_chain>
</jtag_chains>
<connections>
    <connection name="part0_pl_pbs_2bits" component1="part0" component2="pl_pbs_2bits">
      <connection_map name="part0_pl_pbs_2bits_1" c1_st_index="0" c1_end_index="1" c2_st_index="0" c2_end_index="1"/>
    </connection>
    <connection name="part0_pl_leds_2bits" component1="part0" component2="pl_leds_2bits">
      <connection_map name="part0_pl_leds_2bits_1" c1_st_index="2" c1_end_index="3" c2_st_index="0" c2_end_index="1"/>
    </connection>
</connections>
</board>
