<?xml version="1.0"?>
<Project Version="1" Minor="0">
	<BUILD_NUMBER Name="1071353"/>
	<FULL_BUILD Name="SW Build 1071353 on Tue Nov 18 18:29:27 MST 2014"/>
	<MODE Name="Post-Bitstream"/>
	<SYSTEMINFO BOARD="xilinx.com:ac701:part0:1.1" ARCH="artix7" PACKAGE="fbg676" DEVICE="7a200t" SPEED="-2" LUT="" FF="" BRAM="" DSP=""/>
	<HIERARCHY Name="mini_system_i"/>
	<File Type="HW_HANDOFF" Name="mini_system.hwh" ModTime="1422230794"/>
	<File Type="BIT" Name="mini_system_wrapper.bit" ModTime="1422235737"/>
	<File Type="BMM" Name="mini_system_wrapper.mmi" ModTime="1422235678"/>
	<File Type="BD_TCL" Name="mini_system_bd.tcl" ModTime="1422230794"/>
	<USEDRESOURCES LUT="" FF="" BRAM="" DSP=""/>
</Project>

