<?xml version="1.0" encoding="UTF-8" standalone="no"?> 
<board schema_version="2.0" vendor="em.avnet.com" name="picozed_7015_svdk" display_name="PicoZed 7015 SOM + Smart Vision Development Kit" url="http://www.picozed.org" preset_file="preset.xml" >
  <images>
    <image name="SVDK.png" display_name="SVDK" sub_type="board">
      <description>SVDK Board File Image</description>
    </image>
  </images>
<compatible_board_revisions>
  <revision id="0">1.2</revision>
</compatible_board_revisions>
<file_version>1.0</file_version>
<description>PicoZed 7015 SOM + Smart Vision Development Kit</description>
<components>
  <component name="part0" display_name="PicoZed 7015 SOM + Smart Vision Development Kit" type="fpga" part_name="xc7z015clg485-1" pin_map_file="part0_pins.xml" vendor="xilinx" spec_url="http://www.picozed.org">
    <interfaces>
      <interface mode="master" name="ps7_fixedio" type="xilinx.com:display_processing_system7:fixedio_rtl:1.0" of_component="ps7_fixedio" preset_proc="ps7_preset"> 
      </interface>
    </interfaces>
  </component>
  <component name="ps7_fixedio" display_name="ps7_fixedio" type="chip" sub_type="fixed_io" major_group=""/>
</components>
<jtag_chains>
  <jtag_chain name="chain1">
    <position name="0" component="part0"/>
  </jtag_chain>
</jtag_chains>
<connections>
</connections>
</board>
