<?xml version="1.0" encoding="UTF-8" standalone="no"?> 
<part_info part_name="xc7z020clg400-1">
<pins>
  <pin index="0" name ="pl_pbs_5bits_tri_i_0" iostandard="LVCMOS18" loc="V13"/>
  <pin index="1" name ="pl_pbs_5bits_tri_i_1" iostandard="LVCMOS33" loc="V5"/>
  <pin index="2" name ="pl_pbs_5bits_tri_i_2" iostandard="LVCMOS33" loc="Y13"/>
  <pin index="3" name ="pl_pbs_5bits_tri_i_3" iostandard="LVCMOS33" loc="V11"/>
  <pin index="4" name ="pl_pbs_5bits_tri_i_4" iostandard="LVCMOS33" loc="V10"/>
  <pin index="5" name ="pl_leds_4bits_tri_o_0" iostandard="LVCMOS18" loc="U13"/>
  <pin index="6" name ="pl_leds_4bits_tri_o_1" iostandard="LVCMOS33" loc="V6"/>
  <pin index="7" name ="pl_leds_4bits_tri_o_2" iostandard="LVCMOS33" loc="W6"/>
  <pin index="8" name ="pl_leds_4bits_tri_o_3" iostandard="LVCMOS33" loc="Y12"/>
  <pin index="9" name ="sys_clk" iostandard="LVCMOS33" loc="Y7"/>
</pins>
</part_info>


