<?xml version="1.0" encoding="UTF-8" standalone="no"?> 
<board schema_version="2.0" vendor="em.avnet.com" name="picozed_7010_fmc2" display_name="PicoZed 7010 SOM + FMC Carrier V2" url="http://www.picozed.org" preset_file="preset.xml" >
  <images>
    <image name="PZCC-FMC-V2.jpg" display_name="PZ_PZCC_FMC_V2" sub_type="board">
      <description>PZ plus PZCC-FMC-V2 Board File Image</description>
    </image>
  </images>
<compatible_board_revisions>
  <revision id="0">c</revision>
</compatible_board_revisions>
<file_version>1.1</file_version>
<description>PicoZed 7010 SOM + FMC Carrier V2</description>
<components>
  <component name="part0" display_name="PicoZed 7010 SOM + FMC Carrier V2" type="fpga" part_name="xc7z010clg400-1" pin_map_file="part0_pins.xml" vendor="xilinx" spec_url="http://www.picozed.org">
    <interfaces>
        <interface mode="master" name="pl_pb_1bit" type="xilinx.com:interface:gpio_rtl:1.0" of_component="pl_pb_1bit" preset_proc="pl_pb_1bit_preset">
        	<description>1 push button</description>
					<preferred_ips>
						<preferred_ip vendor="xilinx.com" library="ip" name="axi_gpio" order="0"/>
					</preferred_ips>
          <port_maps>
            <port_map logical_port="TRI_I" physical_port="pl_pb_1bit_tri_i" dir="in"> 
              <pin_maps>
                <pin_map port_index="0" component_pin="pl_pb_1bit_tri_i"/> 
              </pin_maps>
            </port_map>
          </port_maps>
        </interface>
        <interface mode="master" name="pl_led_1bit" type="xilinx.com:interface:gpio_rtl:1.0" of_component="pl_led_1bit" preset_proc="pl_led_1bit_preset">
        	<description>1 LED</description>
					<preferred_ips>
						<preferred_ip vendor="xilinx.com" library="ip" name="axi_gpio" order="0"/>
					</preferred_ips>
          <port_maps>
            <port_map logical_port="TRI_O" physical_port="pl_led_1bit_tri_o" dir="out"> 
              <pin_maps>
                <pin_map port_index="0" component_pin="pl_led_1bit_tri_o"/> 
              </pin_maps>
            </port_map>
          </port_maps>
        </interface>
      <interface mode="master" name="ps7_fixedio" type="xilinx.com:display_processing_system7:fixedio_rtl:1.0" of_component="ps7_fixedio" preset_proc="ps7_preset"> 
      </interface>
    </interfaces>
  </component>
  <component name="pl_pb_1bit" display_name="pl_pb_1bit" type="chip" sub_type="push_button" major_group="gpio"/>
  <component name="pl_led_1bit" display_name="pl_led_1bit" type="chip" sub_type="led" major_group="gpio"/>
  <component name="ps7_fixedio" display_name="ps7_fixedio" type="chip" sub_type="fixed_io" major_group=""/>
  <component name="sys_clock" display_name="sys_clock" type="chip" sub_type="system_clock" major_group="clock"/>
</components>
<jtag_chains>
  <jtag_chain name="chain1">
    <position name="0" component="part0"/>
  </jtag_chain>
</jtag_chains>
<connections>
    <connection name="part0_pl_pb_1bit" component1="part0" component2="pl_pb_1bit">
      <connection_map name="part0_pl_pb_1bit_1" c1_st_index="0" c1_end_index="0" c2_st_index="0" c2_end_index="0"/>
    </connection>
    <connection name="part0_pl_led_1bit" component1="part0" component2="pl_led_1bit">
      <connection_map name="part0_pl_led_1bit_1" c1_st_index="1" c1_end_index="1" c2_st_index="0" c2_end_index="0"/>
    </connection>
</connections>
</board>
